keyword,intent,us_volume,kd_percent,cpc_usd,competitive_density,serp_features,data_status
srt to txt,Informational,1300,25,1.67,0.01,3,semrush_bulk
vtt to srt,Informational,1300,29,0.00,0.33,4,semrush_bulk
srt to vtt,Commercial,1000,22,1.87,0.01,3,semrush_bulk
subtitle converter,Informational,320,35,0.35,0.35,4,semrush_bulk
srt to webvtt,Informational,260,22,0.00,0.33,5,semrush_bulk
srt vs vtt,Commercial,210,24,0.00,0.33,8,semrush_bulk
convert ass to srt,Informational,110,9,0.00,0.33,6,semrush_bulk
subtitle shifter,Informational,110,5,0.00,0.33,2,semrush_bulk
subtitle to text,Informational,70,29,0.00,0.02,7,semrush_bulk
srt cleaner,,30,,,0.33,,semrush_bulk_volume_only
convert srt to utf 8,,20,,,0.33,,semrush_bulk_volume_only
convert subtitles to srt,,20,,,0.01,,semrush_bulk_volume_only
fix out of sync subtitles,,20,,,0.33,,semrush_bulk_volume_only
srt validator,,20,,,0.33,,semrush_bulk_volume_only
subtitle checker,,20,,,0.33,,semrush_bulk_volume_only
subtitle validator,,20,,,0.33,,semrush_bulk_volume_only
validate srt file,,20,,,0.33,,semrush_bulk_volume_only
clean srt file,,0,,,0.00,,semrush_bulk_volume_only
fix subtitle delay,,0,,,0.00,,semrush_bulk_volume_only
remove sdh subtitles,,0,,,0.00,,semrush_bulk_volume_only
subtitle delay fixer,,0,,,0.00,,semrush_bulk_volume_only
subtitle encoding converter,,0,,,0.00,,semrush_bulk_volume_only
shift srt timing,,,,,,,semrush_not_loaded
subtitle timing drift,,,,,,,semrush_not_loaded
partial subtitle shifter,,,,,,,semrush_not_loaded
remove html tags from srt,,,,,,,semrush_not_loaded
remove speaker labels srt,,,,,,,semrush_not_loaded
fix invalid srt,,,,,,,semrush_not_loaded
fix garbled subtitles,,,,,,,semrush_not_loaded
fix mojibake subtitles,,,,,,,semrush_not_loaded
shift jis subtitles,,,,,,,semrush_not_loaded
gbk subtitles,,,,,,,semrush_not_loaded
