url,status,title,meta_description,canonical,robots,h1,h2
https://subtitletools.com/,200,Subtitle Tools - Online tools to fix your subtitles,"Free online tools to convert, sync, clean, and fix subtitle files. Supports all major formats including SRT, SSA, VTT, SUP, and SUB/IDX.",https://subtitletools.com,,Subtitle Tools,Converters | Syncing | Fixing and cleaning | Other tools
https://subtitletools.com/convert-to-srt-online,200,Convert Subtitles to Srt: online format converter,"This tool converts subtitles to srt. It supports most subtitle formats including ass to srt, ssa to srt, webvtt to srt, and smi to srt.",https://subtitletools.com/convert-to-srt-online,,Convert Subtitles to Srt,About converting to subrip
https://subtitletools.com/convert-to-vtt-online,200,Convert Subtitles to Vtt: online format converter,"This tool converts subtitles to WebVtt. It supports most subtitle formats including srt to vtt, ass to vtt, sub to vtt, and smi to srt.",https://subtitletools.com/convert-to-vtt-online,,Convert Subtitles to Vtt,About converting to WebVtt
https://subtitletools.com/convert-sup-to-srt-online,200,Convert PGS subtitles (.sup) to srt,"This tool converts pgs subtitles to srt. These subtitles have a sup file extension and they usually come from Blu-ray, HD DVD or normal DVD discs.",https://subtitletools.com/convert-sup-to-srt-online,,Sup to Srt,About .sup files
https://subtitletools.com/convert-sub-idx-to-srt-online,200,Convert Sub/Idx Subtitles to Srt: online format converter,"This tool converts sub/idx subtitle files to srt. It uses OCR to convert the subtitles. It supports subtitles from Blu-ray, HD DVD and DVD discs.",https://subtitletools.com/convert-sub-idx-to-srt-online,,Convert Sub/Idx to Srt,Converting sub/idx to srt online
https://subtitletools.com/convert-subtitles-to-plain-text-online,200,Convert Subtitles to Plain Text,This tool extracts all text from subtitle files and saves it in a plain txt file. It can create movie transcripts and can be useful for language learning.,https://subtitletools.com/convert-subtitles-to-plain-text-online,,Convert Subtitles to Plain Text,Extracting text from subtitles
https://subtitletools.com/convert-subtitles-to-pdf,200,Convert subtitles and text files to PDF,This tool converts subtitles and text files to PDF. It can combine multiple files into a single PDF and works with both subtitle files and plain text files.,https://subtitletools.com/convert-subtitles-to-pdf,,Convert subtitles to PDF,Converting subtitles to PDF | Converting plain text files to PDF
https://subtitletools.com/subtitle-sync-shifter,200,Sync Subtitles: fix out of sync subtitles,This tool can change the timing of subtitle files. It fixes out of sync subtitles by shifting the subtitle timing forwards or backwards.,https://subtitletools.com/subtitle-sync-shifter,,Resync Subtitles,How this tool adjusts timings
https://subtitletools.com/partial-subtitle-sync-shifter,200,Partial Subtitle Resync: fix out of sync subtitles,"This tool fixes out of sync subtitles. It resyncs specific sections of a subtitle file, useful when parts of your subtitles are out of sync.",https://subtitletools.com/partial-subtitle-sync-shifter,,Partial Subtitle Resync,How to sync subtitles with this tool
https://subtitletools.com/srt-cleaner,200,Srt cleaner: remove unwanted formatting from subtitles,"This tool removes brackets ({}, (), [], <>), HTML tags, lyrics, watermarks, and SDH from srt files. It also fixes subtitles that are completely uppercase.",https://subtitletools.com/srt-cleaner,,Srt Cleaner,About cleaning srt files
https://subtitletools.com/convert-text-files-to-utf8-online,200,Convert files to UTF-8: fix broken text encoding,"This tool converts text files to unicode UTF-8. It fixes gibberish text, question marks, and mojibake. Supports all text and subtitle files.",https://subtitletools.com/convert-text-files-to-utf8-online,,Convert to UTF-8,Fixing text encoding | VLC showing weird symbols or boxes
https://subtitletools.com/merge-subtitles-online,200,Subtitle Merger: combine two subtitles into a single file,This tool merges two subtitle files into a single subtitle file. It can create multi-language subtitles or merge the subtitles for CD1 and CD2.,https://subtitletools.com/merge-subtitles-online,,Merge Subtitles,About merging subtitles
https://subtitletools.com/extract-subtitles-from-video,200,Extract Subtitles from Videos and Movies — Free Online Tool,"This tool extracts and downloads embedded subtitles from video files, directly in your browser. Supports all video types including MKV, MP4 and AVI.",https://subtitletools.com/extract-subtitles-from-video,,Extract Subtitles from Video,Download Subtitles from Video Files
https://subtitletools.com/timed-lyrics-editor,200,"Timed Lyrics Editor — Edit, Sync & Preview Song Lyrics","Upload a song, automatically download lyrics, and sync them line by line. Preview, edit, and download synced .lrc lyric files all in your browser.",https://subtitletools.com/timed-lyrics-editor,,Timed Lyrics Editor,Help | Create Synchronized Lyrics (.LRC) Files Online
https://subtitletools.com/change-subtitle-color-online,200,Subtitle Color Changer: color the text of your subtitles,This tool changes the color of your subtitles. Colored text makes subtitles stand out and easier to read. Beware that not all video players support colored text.,https://subtitletools.com/change-subtitle-color-online,,Subtitle Color Changer,Changing the color of text | Subtitle color support
https://subtitletools.com/change-subtitle-position,200,Subtitle Position Changer,This tool makes subtitle text appear in specific locations on screen. It can for example make your subtitles appear at the top of the screen.,https://subtitletools.com/change-subtitle-position,,Subtitle Position Changer,Change the position of subtitle text | Not working?
https://subtitletools.com/make-chinese-pinyin-subtitles,200,Chinese Pinyin Subtitle Generator,"This tool turns Chinese subtitles into pinyin subtitles. Learn Chinese from movies and reading pinyin. Supports srt, ass and ssa files",https://subtitletools.com/make-chinese-pinyin-subtitles,,Chinese Pinyin Subtitles,About pinyin subtitles | VLC not displaying Chinese srt subtitles correctly | Convert modes
https://subtitletools.com/docs/api,200,API introduction,,https://subtitletools.com/docs/api,,Introduction,Developer API documentation | API credits | JSON Header | Authentication | Technology
